node	nodes
node	profile
node	action
node	operation
node	trust
node	events
node	entities
node	configuration
node	event
node	entity
node	messages
node	operation
node	member
node	peer
node	message
node	transactions
node	group
node	consensus
node	nodes
node	node
node	list
node	member
node	result
node	peer
node	operation
node	transactions
node	group
node	consensus
node	status
nodes	profile
nodes	action
nodes	operation
nodes	trust
nodes	events
nodes	entities
nodes	configuration
nodes	event
nodes	entity
nodes	messages
nodes	operation
nodes	member
nodes	peer
nodes	message
nodes	transactions
nodes	group
nodes	consensus
nodes	nodes
nodes	node
nodes	list
nodes	member
nodes	result
nodes	peer
nodes	operation
nodes	transactions
nodes	group
nodes	consensus
nodes	status
profile	action
profile	operation
profile	trust
profile	events
profile	entities
profile	configuration
profile	event
profile	entity
profile	messages
profile	operation
profile	member
profile	peer
profile	message
profile	transactions
profile	group
profile	consensus
profile	nodes
profile	node
profile	list
profile	member
profile	result
profile	peer
profile	operation
profile	transactions
profile	group
profile	consensus
profile	status
action	operation
action	trust
action	events
action	entities
action	configuration
action	event
action	entity
action	messages
action	operation
action	member
action	peer
action	message
action	transactions
action	group
action	consensus
action	nodes
action	node
action	list
action	member
action	result
action	peer
action	operation
action	transactions
action	group
action	consensus
action	status
operation	trust
operation	events
operation	entities
operation	configuration
operation	event
operation	entity
operation	messages
operation	operation
operation	member
operation	peer
operation	message
operation	transactions
operation	group
operation	consensus
operation	nodes
operation	node
operation	list
operation	member
operation	result
operation	peer
operation	operation
operation	transactions
operation	group
operation	consensus
operation	status
trust	events
trust	entities
trust	configuration
trust	event
trust	entity
trust	messages
trust	operation
trust	member
trust	peer
trust	message
trust	transactions
trust	group
trust	consensus
trust	nodes
trust	node
trust	list
trust	member
trust	result
trust	peer
trust	operation
trust	transactions
trust	group
trust	consensus
trust	status
events	entities
events	configuration
events	event
events	entity
events	messages
events	operation
events	member
events	peer
events	message
events	transactions
events	group
events	consensus
events	nodes
events	node
events	list
events	member
events	result
events	peer
events	operation
events	transactions
events	group
events	consensus
events	status
entities	configuration
entities	event
entities	entity
entities	messages
entities	operation
entities	member
entities	peer
entities	message
entities	transactions
entities	group
entities	consensus
entities	nodes
entities	node
entities	list
entities	member
entities	result
entities	peer
entities	operation
entities	transactions
entities	group
entities	consensus
entities	status
configuration	event
configuration	entity
configuration	messages
configuration	operation
configuration	member
configuration	peer
configuration	message
configuration	transactions
configuration	group
configuration	consensus
configuration	nodes
configuration	node
configuration	list
configuration	member
configuration	result
configuration	peer
configuration	operation
configuration	transactions
configuration	group
configuration	consensus
configuration	status
event	entity
event	messages
event	operation
event	member
event	peer
event	message
event	transactions
event	group
event	consensus
event	nodes
event	node
event	list
event	member
event	result
event	peer
event	operation
event	transactions
event	group
event	consensus
event	status
entity	messages
entity	operation
entity	member
entity	peer
entity	message
entity	transactions
entity	group
entity	consensus
entity	nodes
entity	node
entity	list
entity	member
entity	result
entity	peer
entity	operation
entity	transactions
entity	group
entity	consensus
entity	status
messages	operation
messages	member
messages	peer
messages	message
messages	transactions
messages	group
messages	consensus
messages	nodes
messages	node
messages	list
messages	member
messages	result
messages	peer
messages	operation
messages	transactions
messages	group
messages	consensus
messages	status
operation	member
operation	peer
operation	message
operation	transactions
operation	group
operation	consensus
operation	nodes
operation	node
operation	list
operation	member
operation	result
operation	peer
operation	operation
operation	transactions
operation	group
operation	consensus
operation	status
member	peer
member	message
member	transactions
member	group
member	consensus
member	nodes
member	node
member	list
member	member
member	result
member	peer
member	operation
member	transactions
member	group
member	consensus
member	status
peer	message
peer	transactions
peer	group
peer	consensus
peer	nodes
peer	node
peer	list
peer	member
peer	result
peer	peer
peer	operation
peer	transactions
peer	group
peer	consensus
peer	status
message	transactions
message	group
message	consensus
message	nodes
message	node
message	list
message	member
message	result
message	peer
message	operation
message	transactions
message	group
message	consensus
message	status
transactions	group
transactions	consensus
transactions	nodes
transactions	node
transactions	list
transactions	member
transactions	result
transactions	peer
transactions	operation
transactions	transactions
transactions	group
transactions	consensus
transactions	status
group	consensus
group	nodes
group	node
group	list
group	member
group	result
group	peer
group	operation
group	transactions
group	group
group	consensus
group	status
consensus	nodes
consensus	node
consensus	list
consensus	member
consensus	result
consensus	peer
consensus	operation
consensus	transactions
consensus	group
consensus	consensus
consensus	status
nodes	node
nodes	list
nodes	member
nodes	result
nodes	peer
nodes	operation
nodes	transactions
nodes	group
nodes	consensus
nodes	status
node	list
node	member
node	result
node	peer
node	operation
node	transactions
node	group
node	consensus
node	status
list	member
list	result
list	peer
list	operation
list	transactions
list	group
list	consensus
list	status
member	result
member	peer
member	operation
member	transactions
member	group
member	consensus
member	status
result	peer
result	operation
result	transactions
result	group
result	consensus
result	status
peer	operation
peer	transactions
peer	group
peer	consensus
peer	status
operation	transactions
operation	group
operation	consensus
operation	status
transactions	group
transactions	consensus
transactions	status
group	consensus
group	status
consensus	status
