access	scheme
access	protection
access	encryption
access	secure
access	identity
access	control
access	authentication
access	access
access	storage
access	scheme
access	signature
access	protection
access	encryption
access	secure
access	identity
access	authentication
access	control
access	storage
access	signature
scheme	protection
scheme	encryption
scheme	secure
scheme	identity
scheme	control
scheme	authentication
scheme	access
scheme	storage
scheme	scheme
scheme	signature
scheme	protection
scheme	encryption
scheme	secure
scheme	identity
scheme	authentication
scheme	control
scheme	storage
scheme	signature
protection	encryption
protection	secure
protection	identity
protection	control
protection	authentication
protection	access
protection	storage
protection	scheme
protection	signature
protection	protection
protection	encryption
protection	secure
protection	identity
protection	authentication
protection	control
protection	storage
protection	signature
encryption	secure
encryption	identity
encryption	control
encryption	authentication
encryption	access
encryption	storage
encryption	scheme
encryption	signature
encryption	protection
encryption	encryption
encryption	secure
encryption	identity
encryption	authentication
encryption	control
encryption	storage
encryption	signature
secure	identity
secure	control
secure	authentication
secure	access
secure	storage
secure	scheme
secure	signature
secure	protection
secure	encryption
secure	secure
secure	identity
secure	authentication
secure	control
secure	storage
secure	signature
identity	control
identity	authentication
identity	access
identity	storage
identity	scheme
identity	signature
identity	protection
identity	encryption
identity	secure
identity	identity
identity	authentication
identity	control
identity	storage
identity	signature
control	authentication
control	access
control	storage
control	scheme
control	signature
control	protection
control	encryption
control	secure
control	identity
control	authentication
control	control
control	storage
control	signature
authentication	access
authentication	storage
authentication	scheme
authentication	signature
authentication	protection
authentication	encryption
authentication	secure
authentication	identity
authentication	authentication
authentication	control
authentication	storage
authentication	signature
access	storage
access	scheme
access	signature
access	protection
access	encryption
access	secure
access	identity
access	authentication
access	control
access	storage
access	signature
storage	scheme
storage	signature
storage	protection
storage	encryption
storage	secure
storage	identity
storage	authentication
storage	control
storage	storage
storage	signature
scheme	signature
scheme	protection
scheme	encryption
scheme	secure
scheme	identity
scheme	authentication
scheme	control
scheme	storage
scheme	signature
signature	protection
signature	encryption
signature	secure
signature	identity
signature	authentication
signature	control
signature	storage
signature	signature
protection	encryption
protection	secure
protection	identity
protection	authentication
protection	control
protection	storage
protection	signature
encryption	secure
encryption	identity
encryption	authentication
encryption	control
encryption	storage
encryption	signature
secure	identity
secure	authentication
secure	control
secure	storage
secure	signature
identity	authentication
identity	control
identity	storage
identity	signature
authentication	control
authentication	storage
authentication	signature
control	storage
control	signature
storage	signature
